2018rank,City,state,2018estimate,2010Census,2016 land area in sq/mi,2016 land area in km2,2016 population density in sq/mi,2016 population density in km2,rank_living_cost_index,cost_index_rate,rate_index,cost_plus_rent_index,groceries_index,restaurent_price_index,power_index
1,New York City,New York,8398748,8175133,301.5,780.9,28317,10933,0.0,0.0,0.0,0.0,0.0,0.0,0.0
2,Los Angeles,California,3990456,3792621,468.7,1213.9,8484,3276,12.0,77.83,70.89,74.49,72.02,83.59,123.16
3,Chicago,Illinois,2705994,2695598,227.3,588.7,11900,4600,11.0,79.56,54.83,67.67,74.74,79.2,131.21
4,Houston,Texas,2325502,2100263,637.5,1651.1,3613,1395,44.0,65.12,43.26,54.61,56.6,79.88,152.34
5,Phoenix,Arizona,1660272,1445632,517.6,1340.6,3120,1200,42.0,66.57,35.4,51.58,61.31,69.89,140.87
6,Philadelphia,Pennsylvania,1584138,1526006,134.2,347.6,11683,4511,9.0,84.46,46.87,66.39,87.55,74.66,99.85
7,San Antonio,Texas,1532233,1327407,461.0,1194.0,3238,1250,41.0,66.66,34.27,51.08,65.23,61.66,135.18
8,San Diego,California,1425976,1307402,325.2,842.3,4325,1670,24.0,72.73,63.66,68.37,65.68,74.46,139.25
9,Dallas,Texas,1345047,1197816,340.9,882.9,3866,1493,40.0,66.73,44.99,56.27,60.14,70.84,189.55
10,San Jose,California,1030119,945942,177.5,459.7,5777,2231,10.0,81.39,81.66,81.52,76.0,88.65,170.29
11,Austin,Texas,964254,790390,312.7,809.9,3031,1170,31.0,69.8,48.77,59.69,66.23,77.64,157.8
12,Jacksonville,Florida,903889,821784,747.4,1935.8,1178,455,0.0,0.0,0.0,0.0,0.0,0.0,0.0
13,Fort Worth,Texas,895008,741206,342.9,888.1,2491,962,0.0,0.0,0.0,0.0,0.0,0.0,0.0
14,Columbus,Ohio,892533,787033,218.5,565.9,3936,1520,36.0,68.07,33.84,51.61,63.57,64.26,134.7
15,San Francisco,California,883305,805235,46.9,121.5,18569,7170,5.0,89.32,111.82,100.14,85.83,91.44,144.25
16,Charlotte,North Carolina,872498,731424,305.4,791.0,2757,1064,15.0,76.73,42.46,60.25,73.87,73.8,146.34
17,Indianapolis,Indiana,867125,820445,361.5,936.3,2366,914,37.0,67.95,31.74,50.54,65.15,66.88,113.83
18,Seattle,Washington,744955,608660,83.8,17.0,8405,3245,8.0,84.8,64.48,75.03,82.26,80.3,144.86
19,Denver,Colorado,716492,600158,153.3,397.0,4521,1746,20.0,74.18,53.3,64.14,68.84,76.34,123.86
20,Washington D.C.,District of Columbia,702455,601723,61.1,158.,11148,4304,0.0,0.0,0.0,0.0,0.0,0.0,0.0
21,Boston,Massachusetts,694583,617594,48.3,125.1,13938,5381,7.0,86.27,73.34,80.05,88.42,83.66,124.6
22,El Paso,Texas,682669,649121,256.8,665.1,2660,1030,0.0,0.0,0.0,0.0,0.0,0.0,0.0
23,Detroit,Michigan,672662,713777,138.8,359.5,4847,1871,0.0,0.0,0.0,0.0,0.0,0.0,0.0
24,Nashville,Tennessee,669053,601222,475.9,1232.6,1388,536,34.0,68.43,47.27,58.26,60.51,79.96,141.69
25,Portlan,Oregon,653115,583776,133.5,345.8,4793,1851,0.0,0.0,0.0,0.0,0.0,0.0,0.0
26,Memphis,Tennessee,650618,646889,317.4,822.1,2056,794,45.0,64.53,25.89,45.95,54.91,70.76,129.69
27,Oklahoma City,Oklahoma,649021,579999,606.3,1570.3,1053,407,0.0,0.0,0.0,0.0,0.0,0.0,0.0
28,Las Vegas,Nevada,644644,583756,134.4,348.1,4709,1818,35.0,68.11,31.45,50.48,61.12,71.76,144.68
29,Louisville,Kentucky,620118,597337,263.5,682.5,2339,903,43.0,65.84,28.12,47.7,57.83,75.1,115.99
30,Baltimore,Maryland,602495,620961,80.9,09.5,7598,2934,19.0,75.53,42.08,59.45,70.87,78.66,123.97
31,Milwaukee,Wisconsin,592025,594833,96.2,49.,6186,2388,29.0,70.51,35.62,53.73,65.48,74.79,99.1
32,Albuquerque,New Mexico,560218,545852,188.2,487.4,2972,1147,0.0,0.0,0.0,0.0,0.0,0.0,0.0
33,Tucson,Arizona,545975,520116,230.8,597.8,2299,888,27.0,71.16,26.12,49.5,62.86,68.9,111.5
34,Fresno,California,530093,494665,114.4,96.3,4563,1762,0.0,0.0,0.0,0.0,0.0,0.0,0.0
35,Mesa,Arizona,508958,439041,137.9,357.,3514,1357,0.0,0.0,0.0,0.0,0.0,0.0,0.0
36,Sacramento,California,508529,466488,97.9,53.6,5059,1953,17.0,76.57,44.56,61.18,71.07,70.62,131.08
37,Atlanta,Georgia,498044,420003,133.5,345.8,3539,1366,28.0,71.1,45.8,58.94,63.98,72.3,157.49
38,Kansas City,Missouri,491918,459787,315.0,815.8,1528,590,33.0,68.86,30.39,50.37,60.43,74.41,131.44
39,Colorado Springs,Colorado,472688,416427,195.6,506.6,2378,918,0.0,0.0,0.0,0.0,0.0,0.0,0.0
40,Miami,Florida,470914,399457,36.0,93.,12599,4865,14.0,77.31,58.0,68.03,72.34,82.49,92.66
41,Raleigh,North Carolina,469298,403892,145.1,375.8,3163,1221,26.0,72.24,36.05,54.83,77.14,66.06,190.52
42,Omaha,Nebraska,468262,408958,133.2,345.0,3356,1296,0.0,0.0,0.0,0.0,0.0,0.0,0.0
43,Long Beach,California,467354,462257,50.3,130.3,9347,3609,0.0,0.0,0.0,0.0,0.0,0.0,0.0
44,Virginia Beach,Virginia,450189,437994,244.7,633.8,1850,710,0.0,0.0,0.0,0.0,0.0,0.0,0.0
45,Oaklan,California,429082,390724,55.9,144.8,7514,2901,0.0,0.0,0.0,0.0,0.0,0.0,0.0
46,Minneapolis,Minnesota,425403,382578,54.0,139.9,7660,2960,18.0,76.3,46.96,62.19,69.86,77.24,125.96
47,Tulsa,Oklahoma,400669,391906,196.8,509.7,2048,791,0.0,0.0,0.0,0.0,0.0,0.0,0.0
48,Arlington,Texas,398112,365438,95.8,48.1,4100,1600,0.0,0.0,0.0,0.0,0.0,0.0,0.0
49,Tampa,Florida,392890,335709,113.4,93.7,3326,1284,32.0,69.62,40.6,55.66,65.5,71.8,120.4
50,New Orleans,Louisiana,391006,343829,169.4,438.7,2311,892,0.0,0.0,0.0,0.0,0.0,0.0,0.0
51,Wichita,Kansas,389255,382368,160.4,415.4,2431,939,0.0,0.0,0.0,0.0,0.0,0.0,0.0
52,Clevelan,Ohio,383793,396815,77.7,01.,4965,1917,0.0,0.0,0.0,0.0,0.0,0.0,0.0
53,Bakersfiel,California,383579,347483,148.8,385.4,2529,976,0.0,0.0,0.0,0.0,0.0,0.0,0.0
54,Aurora,Colorado,374114,325078,153.5,397.6,2356,910,0.0,0.0,0.0,0.0,0.0,0.0,0.0
55,Anaheim,California,352005,336265,50.0,129.5,7021,2711,0.0,0.0,0.0,0.0,0.0,0.0,0.0
56,Honolulu,Hawaii,347397,337256,60.5,156.7,5815,2245,4.0,90.35,62.19,76.81,94.06,83.4,101.45
57,Santa Ana,California,332725,324528,27.1,70.,12333,4762,0.0,0.0,0.0,0.0,0.0,0.0,0.0
58,Riverside,California,330063,303871,81.2,10.3,3999,1544,0.0,0.0,0.0,0.0,0.0,0.0,0.0
59,Corpus Christi,Texas,326554,305215,174.6,452.,1866,720,0.0,0.0,0.0,0.0,0.0,0.0,0.0
60,Lexington,Kentucky,323780,295803,283.6,734.5,1123,434,0.0,0.0,0.0,0.0,0.0,0.0,0.0
61,Stockton,California,311178,291707,61.7,159.8,4977,1922,0.0,0.0,0.0,0.0,0.0,0.0,0.0
62,Henderson,Nevada,310390,257729,104.7,71.,2798,1080,0.0,0.0,0.0,0.0,0.0,0.0,0.0
63,Saint Paul,Minnesota,307695,285068,52.0,134.7,5815,2245,0.0,0.0,0.0,0.0,0.0,0.0,0.0
64,St. Louis,Missouri,302838,319294,62.0,160.6,5023,1939,0.0,0.0,0.0,0.0,0.0,0.0,0.0
65,Cincinnati,Ohio,302605,296943,77.4,00.5,3860,1490,0.0,0.0,0.0,0.0,0.0,0.0,0.0
66,Pittsburgh,Pennsylvania,301048,305704,55.4,143.5,5481,2116,21.0,73.68,36.18,55.65,68.65,66.8,116.7
67,Greensboro,North Carolina,294722,269666,128.3,332.3,2237,864,0.0,0.0,0.0,0.0,0.0,0.0,0.0
68,Anchorage,Alaska,291538,291826,1706.6,4420.1,175,68,2.0,91.68,39.35,66.52,93.35,78.36,129.56
69,Plano,Texas,288061,259841,71.7,185.7,3990,1540,0.0,0.0,0.0,0.0,0.0,0.0,0.0
70,Lincoln,Nebraska,287401,258379,92.1,38.5,3044,1175,0.0,0.0,0.0,0.0,0.0,0.0,0.0
71,Orlando,Florida,285713,238300,105.2,72.5,2635,1017,30.0,70.18,41.09,56.19,65.93,73.5,105.21
72,Irvine,California,282572,212375,65.6,169.9,4057,1566,0.0,0.0,0.0,0.0,0.0,0.0,0.0
73,Newark,New Jersey,282090,277140,24.1,62.4,11691,4514,0.0,0.0,0.0,0.0,0.0,0.0,0.0
74,Toledo,Ohio,274975,287208,80.7,09.0,3451,1332,0.0,0.0,0.0,0.0,0.0,0.0,0.0
75,Durham,North Carolina,274291,228330,109.8,84.4,2395,925,0.0,0.0,0.0,0.0,0.0,0.0,0.0
76,Chula Vista,California,271651,243916,49.6,128.5,5387,2080,0.0,0.0,0.0,0.0,0.0,0.0,0.0
77,Fort Wayne,Indiana,267633,253691,110.6,86.5,2391,923,0.0,0.0,0.0,0.0,0.0,0.0,0.0
78,Jersey City,New Jersey,265549,247597,14.8,38.3,17848,6891,0.0,0.0,0.0,0.0,0.0,0.0,0.0
79,St. Petersburg,Florida,265098,244769,61.8,160.1,4223,1631,0.0,0.0,0.0,0.0,0.0,0.0,0.0
80,Laredo,Texas,261639,236091,101.1,61.8,2544,982,0.0,0.0,0.0,0.0,0.0,0.0,0.0
81,Madison,Wisconsin,258054,233209,77.0,199.4,3280,1270,46.0,64.42,37.56,51.5,57.31,66.83,136.55
82,Chandler,Arizona,257165,236123,64.9,168.1,3813,1472,0.0,0.0,0.0,0.0,0.0,0.0,0.0
83,Buffalo,New York,256304,261310,40.4,104.6,6359,2455,22.0,73.32,28.43,51.73,66.79,78.07,112.49
84,Lubbock,Texas,255885,229573,124.6,322.7,2027,783,0.0,0.0,0.0,0.0,0.0,0.0,0.0
85,Scottsdale,Arizona,255310,217385,183.9,476.3,1341,518,0.0,0.0,0.0,0.0,0.0,0.0,0.0
86,Reno,Nevada,250998,225221,107.3,77.9,2286,883,38.0,67.64,37.7,53.24,65.97,65.89,120.94
87,Glendale,Arizona,250702,226721,59.1,153.1,4161,1607,0.0,0.0,0.0,0.0,0.0,0.0,0.0
88,Gilbert,Arizona,248279,208453,68.0,176.1,3487,1346,0.0,0.0,0.0,0.0,0.0,0.0,0.0
89,Winstonâ€“Salem,North Carolina,246328,229617,132.5,343.,1828,706,0.0,0.0,0.0,0.0,0.0,0.0,0.0
90,North Las Vegas,Nevada,245949,216961,98.0,53.8,2436,941,0.0,0.0,0.0,0.0,0.0,0.0,0.0
91,Norfolk,Virginia,244076,242803,53.3,138.0,4599,1776,0.0,0.0,0.0,0.0,0.0,0.0,0.0
92,Chesapeake,Virginia,242634,222209,338.5,876.7,703,271,0.0,0.0,0.0,0.0,0.0,0.0,0.0
93,Garlan,Texas,242507,226876,57.0,147.6,4122,1592,0.0,0.0,0.0,0.0,0.0,0.0,0.0
94,Irving,Texas,242242,216290,67.0,173.5,3557,1373,0.0,0.0,0.0,0.0,0.0,0.0,0.0
95,Hialeah,Florida,238942,224669,21.5,55.7,10995,4245,0.0,0.0,0.0,0.0,0.0,0.0,0.0
96,Fremont,California,237807,214089,77.5,00.7,3008,1161,0.0,0.0,0.0,0.0,0.0,0.0,0.0
97,Boise,Idaho,228790,205671,82.1,12.6,2718,1049,48.0,61.05,31.26,46.73,53.62,68.3,114.98
98,Richmond,Virginia,228783,204214,59.8,154.9,3732,1441,23.0,73.23,35.16,54.92,72.13,77.95,106.89
99,Baton Rouge,Louisiana,221599,229493,85.9,.5,2651,1024,0.0,0.0,0.0,0.0,0.0,0.0,0.0
100,Spokane,Washington,219190,208916,68.7,177.9,3144,1214,0.0,0.0,0.0,0.0,0.0,0.0,0.0
101,Des Moines,Iowa,216853,203433,88.9,30.,2424,936,0.0,0.0,0.0,0.0,0.0,0.0,0.0
102,Tacoma,Washington,216279,198397,49.7,128.7,4251,1641,0.0,0.0,0.0,0.0,0.0,0.0,0.0
103,San Bernardino,California,215941,209924,61.5,159.3,3516,1358,0.0,0.0,0.0,0.0,0.0,0.0,0.0
104,Modesto,California,215030,201165,43.0,111.4,4934,1905,0.0,0.0,0.0,0.0,0.0,0.0,0.0
105,Fontana,California,213739,196069,43.0,111.4,4876,1883,0.0,0.0,0.0,0.0,0.0,0.0,0.0
106,Santa Clarita,California,210089,176320,52.8,136.8,3446,1331,0.0,0.0,0.0,0.0,0.0,0.0,0.0
107,Birmingham,Alabama,209880,212237,146.1,378.4,1452,561,0.0,0.0,0.0,0.0,0.0,0.0,0.0
108,Oxnar,California,209877,197899,26.9,69.7,7729,2984,0.0,0.0,0.0,0.0,0.0,0.0,0.0
109,Fayetteville,North Carolina,209468,200564,147.7,382.5,1386,535,0.0,0.0,0.0,0.0,0.0,0.0,0.0
110,Moreno Valley,California,209050,193365,51.3,132.9,4006,1547,0.0,0.0,0.0,0.0,0.0,0.0,0.0
111,Rochester,New York,206284,210565,35.8,92.7,5835,2253,0.0,0.0,0.0,0.0,0.0,0.0,0.0
112,Glendale,California,201361,191719,30.4,78.7,6606,2551,0.0,0.0,0.0,0.0,0.0,0.0,0.0
113,Huntington Beach,California,200641,189992,26.9,69.7,7459,2880,0.0,0.0,0.0,0.0,0.0,0.0,0.0
114,Salt Lake City,Utah,200591,186440,111.2,88.0,1742,673,47.0,63.86,36.66,50.78,58.34,64.3,138.62
115,Grand Rapids,Michigan,200217,188040,44.4,115.0,4424,1708,0.0,0.0,0.0,0.0,0.0,0.0,0.0
116,Amarillo,Texas,199924,190695,101.4,62.6,1968,760,0.0,0.0,0.0,0.0,0.0,0.0,0.0
117,Yonkers,New York,199663,195976,18.0,46.6,11156,4307,0.0,0.0,0.0,0.0,0.0,0.0,0.0
118,Aurora,Illinois,199602,197899,44.9,116.3,4479,1729,0.0,0.0,0.0,0.0,0.0,0.0,0.0
119,Montgomery,Alabama,198218,205764,159.8,413.9,1252,483,0.0,0.0,0.0,0.0,0.0,0.0,0.0
120,Akron,Ohio,198006,199110,62.0,160.6,3188,1231,0.0,0.0,0.0,0.0,0.0,0.0,0.0
121,Little Rock,Arkansas,197881,193524,118.7,307.4,1673,646,49.0,59.55,25.61,43.23,52.79,64.39,134.78
122,Huntsville,Alabama,197318,180105,213.4,552.7,905,349,0.0,0.0,0.0,0.0,0.0,0.0,0.0
123,Augusta,Georgia,196939,195844,302.5,783.5,652,252,0.0,0.0,0.0,0.0,0.0,0.0,0.0
124,Port St. Lucie,Florida,195248,164603,118.9,307.9,1557,601,0.0,0.0,0.0,0.0,0.0,0.0,0.0
125,Grand Prairie,Texas,194614,175396,72.3,187.3,2637,1018,0.0,0.0,0.0,0.0,0.0,0.0,0.0
126,Columbus,Georgia,194160,189885,216.4,560.5,913,353,0.0,0.0,0.0,0.0,0.0,0.0,0.0
127,Tallahassee,Florida,193551,181376,100.4,60.0,1901,734,0.0,0.0,0.0,0.0,0.0,0.0,0.0
128,Overland Park,Kansas,192536,173372,75.1,194.5,2516,971,0.0,0.0,0.0,0.0,0.0,0.0,0.0
129,Tempe,Arizona,192364,161719,40.0,103.6,4562,1761,0.0,0.0,0.0,0.0,0.0,0.0,0.0
130,McKinney,Texas,191645,131117,63.0,163.,2735,1056,0.0,0.0,0.0,0.0,0.0,0.0,0.0
131,Mobile,Alabama,189572,195111,139.4,361.0,1384,534,0.0,0.0,0.0,0.0,0.0,0.0,0.0
132,Cape Coral,Florida,189343,154305,105.6,73.5,1703,658,0.0,0.0,0.0,0.0,0.0,0.0,0.0
133,Shreveport,Louisiana,188987,199311,107.1,77.4,1820,700,0.0,0.0,0.0,0.0,0.0,0.0,0.0
134,Frisco,Texas,188170,116989,67.7,175.3,2417,933,0.0,0.0,0.0,0.0,0.0,0.0,0.0
135,Knoxville,Tennessee,187500,178874,98.5,55.1,1891,730,0.0,0.0,0.0,0.0,0.0,0.0,0.0
136,Worcester,Massachusetts,185877,181045,37.4,96.9,4933,1905,0.0,0.0,0.0,0.0,0.0,0.0,0.0
137,Brownsville,Texas,183392,175023,132.5,343.,1387,536,0.0,0.0,0.0,0.0,0.0,0.0,0.0
138,Vancouver,Washington,183012,161791,46.9,121.5,3728,1439,0.0,0.0,0.0,0.0,0.0,0.0,0.0
139,Fort Lauderdale,Florida,182595,165521,34.6,89.6,5166,1995,0.0,0.0,0.0,0.0,0.0,0.0,0.0
140,Sioux Falls,South Dakota,181883,153888,75.4,195.3,2312,893,0.0,0.0,0.0,0.0,0.0,0.0,0.0
141,Ontario,California,181107,163924,49.9,129.,3471,1340,0.0,0.0,0.0,0.0,0.0,0.0,0.0
142,Chattanooga,Tennessee,180557,167674,143.1,370.6,1241,479,0.0,0.0,0.0,0.0,0.0,0.0,0.0
143,Providence,Rhode Island,179335,178042,18.4,47.7,9740,3760,0.0,0.0,0.0,0.0,0.0,0.0,0.0
144,Newport News,Virginia,178626,180719,69.1,179.0,2631,1016,0.0,0.0,0.0,0.0,0.0,0.0,0.0
145,Rancho Cucamonga,California,177751,165269,40.0,103.6,4413,1704,0.0,0.0,0.0,0.0,0.0,0.0,0.0
146,Santa Rosa,California,177586,167815,41.3,107.0,4241,1637,0.0,0.0,0.0,0.0,0.0,0.0,0.0
147,Oceanside,California,176080,167086,41.3,107.0,4249,1641,0.0,0.0,0.0,0.0,0.0,0.0,0.0
148,Salem,Oregon,173442,154637,48.6,125.9,3445,1330,0.0,0.0,0.0,0.0,0.0,0.0,0.0
149,Elk Grove,California,172886,153015,42.2,109.3,4022,1553,0.0,0.0,0.0,0.0,0.0,0.0,0.0
150,Garden Grove,California,172646,170883,18.0,46.6,9714,3751,0.0,0.0,0.0,0.0,0.0,0.0,0.0
151,Pembroke Pines,Florida,172374,154019,33.0,85.5,5109,1973,0.0,0.0,0.0,0.0,0.0,0.0,0.0
152,Peoria,Arizona,172259,154065,175.7,455.1,934,361,0.0,0.0,0.0,0.0,0.0,0.0,0.0
153,Eugene,Oregon,171245,156185,44.1,114.,3777,1458,0.0,0.0,0.0,0.0,0.0,0.0,0.0
154,Corona,California,168819,152374,39.5,102.3,4222,1630,0.0,0.0,0.0,0.0,0.0,0.0,0.0
155,Cary,North Carolina,168160,135234,56.5,146.3,2873,1109,0.0,0.0,0.0,0.0,0.0,0.0,0.0
156,Springfiel,Missouri,168122,159498,82.3,13.,2033,785,0.0,0.0,0.0,0.0,0.0,0.0,0.0
157,Fort Collins,Colorado,167830,143986,55.8,144.5,2943,1136,0.0,0.0,0.0,0.0,0.0,0.0,0.0
158,Jackson,Mississippi,164422,173514,111.0,87.5,1524,588,0.0,0.0,0.0,0.0,0.0,0.0,0.0
159,Alexandria,Virginia,160530,139966,15.0,38.8,10387,4010,0.0,0.0,0.0,0.0,0.0,0.0,0.0
160,Haywar,California,159620,144186,45.5,117.8,3493,1349,0.0,0.0,0.0,0.0,0.0,0.0,0.0
161,Lancaster,California,159053,156633,94.3,44.,1698,656,0.0,0.0,0.0,0.0,0.0,0.0,0.0
162,Lakewoo,Colorado,156798,142980,42.9,111.1,3599,1390,0.0,0.0,0.0,0.0,0.0,0.0,0.0
163,Clarksville,Tennessee,156794,132929,98.3,54.6,1529,590,0.0,0.0,0.0,0.0,0.0,0.0,0.0
164,Palmdale,California,156667,152750,106.0,74.5,1484,573,0.0,0.0,0.0,0.0,0.0,0.0,0.0
165,Salinas,California,156259,150441,23.6,61.1,6662,2572,0.0,0.0,0.0,0.0,0.0,0.0,0.0
166,Springfiel,Massachusetts,155032,153060,31.9,82.6,4830,1860,0.0,0.0,0.0,0.0,0.0,0.0,0.0
167,Hollywoo,Florida,154823,140768,27.3,70.7,5568,2150,0.0,0.0,0.0,0.0,0.0,0.0,0.0
168,Pasadena,Texas,153219,149043,43.5,112.7,3525,1361,0.0,0.0,0.0,0.0,0.0,0.0,0.0
169,Sunnyvale,California,153185,140081,22.0,57.0,6944,2681,0.0,0.0,0.0,0.0,0.0,0.0,0.0
170,Macon,Georgia,153095,91351,249.3,645.7,612,236,0.0,0.0,0.0,0.0,0.0,0.0,0.0
171,Kansas City,Kansas,152958,145786,124.8,323.,1216,470,0.0,0.0,0.0,0.0,0.0,0.0,0.0
172,Pomona,California,152361,149058,23.0,59.6,6630,2560,0.0,0.0,0.0,0.0,0.0,0.0,0.0
173,Escondido,California,152213,143911,37.1,96.1,4087,1578,0.0,0.0,0.0,0.0,0.0,0.0,0.0
174,Killeen,Texas,149103,127921,53.5,138.6,2680,1030,0.0,0.0,0.0,0.0,0.0,0.0,0.0
175,Naperville,Illinois,148304,141853,38.7,100.,3802,1468,0.0,0.0,0.0,0.0,0.0,0.0,0.0
176,Joliet,Illinois,148099,147433,64.4,166.8,2302,889,0.0,0.0,0.0,0.0,0.0,0.0,0.0
177,Bellevue,Washington,147599,122363,33.5,86.8,4221,1630,0.0,0.0,0.0,0.0,0.0,0.0,0.0
178,Rockfor,Illinois,146526,152871,63.5,164.5,2325,898,0.0,0.0,0.0,0.0,0.0,0.0,0.0
179,Savannah,Georgia,145862,136286,103.6,68.3,1417,547,0.0,0.0,0.0,0.0,0.0,0.0,0.0
180,Paterson,New Jersey,145627,146199,8.4,1.8,17500,6800,0.0,0.0,0.0,0.0,0.0,0.0,0.0
181,Torrance,California,145182,145438,20.5,53.1,7180,2770,0.0,0.0,0.0,0.0,0.0,0.0,0.0
182,Bridgeport,Connecticut,144900,144229,16.1,41.7,9064,3500,0.0,0.0,0.0,0.0,0.0,0.0,0.0
183,McAllen,Texas,143433,129877,58.4,151.3,2435,940,0.0,0.0,0.0,0.0,0.0,0.0,0.0
184,Mesquite,Texas,142816,139824,47.2,122.,3045,1176,0.0,0.0,0.0,0.0,0.0,0.0,0.0
185,Syracuse,New York,142749,145170,25.0,64.7,5735,2214,0.0,0.0,0.0,0.0,0.0,0.0,0.0
186,Midlan,Texas,142344,111147,74.4,192.7,1809,698,0.0,0.0,0.0,0.0,0.0,0.0,0.0
187,Pasadena,California,141371,137122,23.0,59.6,6176,2385,0.0,0.0,0.0,0.0,0.0,0.0,0.0
188,Murfreesboro,Tennessee,141344,108755,55.9,144.8,2360,910,0.0,0.0,0.0,0.0,0.0,0.0,0.0
189,Miramar,Florida,140823,122041,29.4,76.1,4709,1818,0.0,0.0,0.0,0.0,0.0,0.0,0.0
190,Dayton,Ohio,140640,141527,55.7,144.3,2522,974,0.0,0.0,0.0,0.0,0.0,0.0,0.0
191,Fullerton,California,139640,135161,22.4,58.0,6282,2425,0.0,0.0,0.0,0.0,0.0,0.0,0.0
192,Olathe,Kansas,139605,125872,60.9,157.7,2225,859,0.0,0.0,0.0,0.0,0.0,0.0,0.0
193,Orange,California,139484,136416,25.4,65.8,5532,2136,0.0,0.0,0.0,0.0,0.0,0.0,0.0
194,Thornton,Colorado,139436,118772,35.7,92.5,3829,1478,0.0,0.0,0.0,0.0,0.0,0.0,0.0
195,Roseville,California,139117,118788,43.0,111.4,3085,1191,0.0,0.0,0.0,0.0,0.0,0.0,0.0
196,Denton,Texas,138541,113383,93.4,41.9,1433,553,0.0,0.0,0.0,0.0,0.0,0.0,0.0
197,Waco,Texas,138183,124805,89.0,30.5,1510,580,0.0,0.0,0.0,0.0,0.0,0.0,0.0
198,Surprise,Arizona,138161,117517,107.9,79.5,1230,470,0.0,0.0,0.0,0.0,0.0,0.0,0.0
199,Carrollton,Texas,136879,119097,36.3,94.0,3674,1419,0.0,0.0,0.0,0.0,0.0,0.0,0.0
200,West Valley City,Utah,136401,129480,35.5,91.9,3847,1485,0.0,0.0,0.0,0.0,0.0,0.0,0.0
201,Charleston,South Carolina,136208,120083,109.0,82.3,1233,476,0.0,0.0,0.0,0.0,0.0,0.0,0.0
202,Warren,Michigan,134587,134056,34.4,89.1,3928,1517,0.0,0.0,0.0,0.0,0.0,0.0,0.0
203,Hampton,Virginia,134313,137436,51.5,133.4,2629,1015,0.0,0.0,0.0,0.0,0.0,0.0,0.0
204,Gainesville,Florida,133857,124354,62.3,161.4,2112,815,0.0,0.0,0.0,0.0,0.0,0.0,0.0
205,Visalia,California,133800,124442,37.5,97.1,3495,1349,0.0,0.0,0.0,0.0,0.0,0.0,0.0
206,Coral Springs,Florida,133507,121096,23.8,61.6,5465,2110,0.0,0.0,0.0,0.0,0.0,0.0,0.0
207,Columbia,South Carolina,133451,129272,133.5,345.8,1006,388,0.0,0.0,0.0,0.0,0.0,0.0,0.0
208,Cedar Rapids,Iowa,133174,126326,70.8,183.4,1852,715,0.0,0.0,0.0,0.0,0.0,0.0,0.0
209,Sterling Heights,Michigan,132964,129699,36.5,94.5,3628,1401,0.0,0.0,0.0,0.0,0.0,0.0,0.0
210,New Haven,Connecticut,130418,129779,18.7,48.4,6948,2683,0.0,0.0,0.0,0.0,0.0,0.0,0.0
211,Stamfor,Connecticut,129775,122643,37.6,97.4,3434,1326,0.0,0.0,0.0,0.0,0.0,0.0,0.0
212,Concor,California,129688,122067,30.5,79.0,4221,1630,0.0,0.0,0.0,0.0,0.0,0.0,0.0
213,Kent,Washington,129618,92411,33.7,87.3,3784,1461,0.0,0.0,0.0,0.0,0.0,0.0,0.0
214,Santa Clara,California,129488,116468,18.4,47.7,6845,2643,0.0,0.0,0.0,0.0,0.0,0.0,0.0
215,Elizabeth,New Jersey,128885,124969,12.3,31.9,10459,4038,0.0,0.0,0.0,0.0,0.0,0.0,0.0
216,Round Rock,Texas,128739,99887,35.6,92.,3396,1311,0.0,0.0,0.0,0.0,0.0,0.0,0.0
217,Thousand Oaks,California,127690,126683,55.2,143.0,2335,902,0.0,0.0,0.0,0.0,0.0,0.0,0.0
218,Lafayette,Louisiana,126143,120623,53.8,139.3,2372,916,0.0,0.0,0.0,0.0,0.0,0.0,0.0
219,Athens,Georgia,125964,115452,116.4,301.5,1060,410,0.0,0.0,0.0,0.0,0.0,0.0,0.0
220,Topeka,Kansas,125904,127473,61.5,159.3,2062,796,0.0,0.0,0.0,0.0,0.0,0.0,0.0
221,Simi Valley,California,125851,124237,41.5,107.5,3044,1175,0.0,0.0,0.0,0.0,0.0,0.0,0.0
222,Fargo,North Dakota,124844,105549,49.3,127.7,2450,950,0.0,0.0,0.0,0.0,0.0,0.0,0.0
223,Norman,Oklahoma,123471,110925,178.8,463.1,683,264,0.0,0.0,0.0,0.0,0.0,0.0,0.0
224,Columbia,Missouri,123180,108500,65.0,168.3,1856,717,0.0,0.0,0.0,0.0,0.0,0.0,0.0
225,Abilene,Texas,122999,117063,106.7,76.4,1146,442,0.0,0.0,0.0,0.0,0.0,0.0,0.0
226,Wilmington,North Carolina,122607,106476,51.6,133.6,2278,880,0.0,0.0,0.0,0.0,0.0,0.0,0.0
227,Hartfor,Connecticut,122587,124775,17.4,45.1,7083,2735,0.0,0.0,0.0,0.0,0.0,0.0,0.0
228,Victorville,California,122312,115903,73.3,189.8,1668,644,0.0,0.0,0.0,0.0,0.0,0.0,0.0
229,Pearlan,Texas,122149,91252,46.3,119.9,2453,947,0.0,0.0,0.0,0.0,0.0,0.0,0.0
230,Vallejo,California,121913,115942,30.7,79.5,3951,1525,0.0,0.0,0.0,0.0,0.0,0.0,0.0
231,Ann Arbor,Michigan,121890,113934,28.1,72.8,4298,1659,0.0,0.0,0.0,0.0,0.0,0.0,0.0
232,Berkeley,California,121643,112580,10.5,7.,11547,4458,0.0,0.0,0.0,0.0,0.0,0.0,0.0
233,Allentown,Pennsylvania,121433,118032,17.5,45.3,6882,2657,0.0,0.0,0.0,0.0,0.0,0.0,0.0
234,Richardson,Texas,120981,99223,28.6,74.1,3963,1530,0.0,0.0,0.0,0.0,0.0,0.0,0.0
235,Odessa,Texas,120568,99940,45.2,117.1,2608,1007,0.0,0.0,0.0,0.0,0.0,0.0,0.0
236,Arvada,Colorado,120492,106433,38.6,100.0,3043,1175,0.0,0.0,0.0,0.0,0.0,0.0,0.0
237,Cambridge,Massachusetts,118977,105162,6.4,16.6,17289,6675,0.0,0.0,0.0,0.0,0.0,0.0,0.0
238,Sugar Lan,Texas,118600,78817,34.0,88.1,3488,1347,0.0,0.0,0.0,0.0,0.0,0.0,0.0
239,Beaumont,Texas,118428,118296,82.1,12.6,1441,556,0.0,0.0,0.0,0.0,0.0,0.0,0.0
240,Lansing,Michigan,118427,114297,39.1,101.3,2967,1146,0.0,0.0,0.0,0.0,0.0,0.0,0.0
241,Evansville,Indiana,117963,117429,47.3,122.5,2526,975,0.0,0.0,0.0,0.0,0.0,0.0,0.0
242,Rochester,Minnesota,116961,106769,54.6,141.4,2088,806,0.0,0.0,0.0,0.0,0.0,0.0,0.0
243,Independence,Missouri,116925,116830,77.8,01.5,1504,581,0.0,0.0,0.0,0.0,0.0,0.0,0.0
244,Fairfiel,California,116884,105321,40.9,105.9,2806,1083,0.0,0.0,0.0,0.0,0.0,0.0,0.0
245,Provo,Utah,116702,112488,41.7,108.0,2803,1082,0.0,0.0,0.0,0.0,0.0,0.0,0.0
246,Clearwater,Florida,116478,107685,25.9,67.1,4415,1705,0.0,0.0,0.0,0.0,0.0,0.0,0.0
247,College Station,Texas,116218,93857,51.0,132.1,2199,849,0.0,0.0,0.0,0.0,0.0,0.0,0.0
248,West Jordan,Utah,116046,103712,32.3,83.7,3520,1360,0.0,0.0,0.0,0.0,0.0,0.0,0.0
249,Carlsba,California,115877,105328,37.7,97.6,3023,1167,0.0,0.0,0.0,0.0,0.0,0.0,0.0
250,El Monte,California,115586,113475,9.6,4.9,12063,4658,0.0,0.0,0.0,0.0,0.0,0.0,0.0
251,Murrieta,California,114985,103466,33.6,87.0,3324,1283,0.0,0.0,0.0,0.0,0.0,0.0,0.0
252,Temecula,California,114742,100097,37.3,96.6,3031,1170,0.0,0.0,0.0,0.0,0.0,0.0,0.0
253,Springfiel,Illinois,114694,116250,60.1,155.7,1925,743,0.0,0.0,0.0,0.0,0.0,0.0,0.0
254,Palm Bay,Florida,114194,103190,65.7,170.,1676,647,0.0,0.0,0.0,0.0,0.0,0.0,0.0
255,Costa Mesa,California,113615,109960,15.7,40.7,7186,2775,0.0,0.0,0.0,0.0,0.0,0.0,0.0
256,Westminster,Colorado,113479,106114,31.7,82.1,3592,1387,0.0,0.0,0.0,0.0,0.0,0.0,0.0
257,North Charleston,South Carolina,113237,97471,73.7,190.9,1483,573,0.0,0.0,0.0,0.0,0.0,0.0,0.0
258,Miami Gardens,Florida,113069,107167,18.2,47.1,6212,2398,0.0,0.0,0.0,0.0,0.0,0.0,0.0
259,Manchester,New Hampshire,112525,109565,33.1,85.7,3339,1289,0.0,0.0,0.0,0.0,0.0,0.0,0.0
260,High Point,North Carolina,112316,104371,55.2,143.0,2015,778,0.0,0.0,0.0,0.0,0.0,0.0,0.0
261,Downey,California,112269,111772,12.4,32.1,9134,3527,0.0,0.0,0.0,0.0,0.0,0.0,0.0
262,Clovis,California,112022,95631,24.2,62.7,4404,1700,0.0,0.0,0.0,0.0,0.0,0.0,0.0
263,Pompano Beach,Florida,111954,99845,24.0,62.,4558,1760,0.0,0.0,0.0,0.0,0.0,0.0,0.0
264,Pueblo,Colorado,111750,106595,53.6,138.8,2058,795,0.0,0.0,0.0,0.0,0.0,0.0,0.0
265,Elgin,Illinois,111683,108188,37.4,96.9,2998,1158,0.0,0.0,0.0,0.0,0.0,0.0,0.0
266,Lowell,Massachusetts,111670,106519,13.6,35.,8129,3139,0.0,0.0,0.0,0.0,0.0,0.0,0.0
267,Antioch,California,111535,102372,29.4,76.1,3772,1456,0.0,0.0,0.0,0.0,0.0,0.0,0.0
268,West Palm Beach,Florida,111398,99919,55.1,142.7,1963,758,0.0,0.0,0.0,0.0,0.0,0.0,0.0
269,Peoria,Illinois,111388,115007,48.2,124.8,2371,915,0.0,0.0,0.0,0.0,0.0,0.0,0.0
270,Everett,Washington,111262,103019,33.3,86.,3275,1264,0.0,0.0,0.0,0.0,0.0,0.0,0.0
271,Ventura,California,111128,106433,21.8,56.5,5027,1941,0.0,0.0,0.0,0.0,0.0,0.0,0.0
272,Centennial,Colorado,110831,100377,29.5,76.4,3727,1439,0.0,0.0,0.0,0.0,0.0,0.0,0.0
273,Lakelan,Florida,110516,97422,65.9,170.7,1615,624,0.0,0.0,0.0,0.0,0.0,0.0,0.0
274,Gresham,Oregon,110158,105594,23.3,60.3,4786,1848,0.0,0.0,0.0,0.0,0.0,0.0,0.0
275,Richmon,California,110146,103701,30.1,78.0,3648,1409,0.0,0.0,0.0,0.0,0.0,0.0,0.0
276,Billings,Montana,109550,104170,43.7,113.,2525,975,0.0,0.0,0.0,0.0,0.0,0.0,0.0
277,Inglewoo,California,109419,109673,9.1,3.6,12160,4700,0.0,0.0,0.0,0.0,0.0,0.0,0.0
278,Broken Arrow,Oklahoma,109171,98850,61.7,159.8,1741,672,0.0,0.0,0.0,0.0,0.0,0.0,0.0
279,Sandy Springs,Georgia,108797,93853,37.7,97.6,2804,1083,0.0,0.0,0.0,0.0,0.0,0.0,0.0
280,Jurupa Valley,California,108393,0,42.9,111.1,2414,932,0.0,0.0,0.0,0.0,0.0,0.0,0.0
281,Hillsboro,Oregon,108389,91611,25.0,64.7,4207,1624,0.0,0.0,0.0,0.0,0.0,0.0,0.0
282,Waterbury,Connecticut,108093,110366,28.5,73.8,3799,1467,0.0,0.0,0.0,0.0,0.0,0.0,0.0
283,Santa Maria,California,107408,99553,22.8,59.1,4662,1800,0.0,0.0,0.0,0.0,0.0,0.0,0.0
284,Boulder,Colorado,107353,97385,24.8,64.,4358,1683,0.0,0.0,0.0,0.0,0.0,0.0,0.0
285,Greeley,Colorado,107348,92889,47.8,123.8,2176,840,0.0,0.0,0.0,0.0,0.0,0.0,0.0
286,Daly City,California,107008,101123,7.6,19.7,14009,5409,0.0,0.0,0.0,0.0,0.0,0.0,0.0
287,Meridian,Idaho,106804,75092,29.8,77.,3584,1384,0.0,0.0,0.0,0.0,0.0,0.0,0.0
288,Lewisville,Texas,106586,95290,36.7,95.1,2852,1101,0.0,0.0,0.0,0.0,0.0,0.0,0.0
289,Davie,Florida,106558,91992,34.9,90.4,2919,1127,0.0,0.0,0.0,0.0,0.0,0.0,0.0
290,West Covina,California,106311,106098,16.0,41.4,6740,2600,0.0,0.0,0.0,0.0,0.0,0.0,0.0
291,League City,Texas,106244,83560,51.2,132.6,1992,769,0.0,0.0,0.0,0.0,0.0,0.0,0.0
292,Tyler,Texas,105729,96900,56.6,146.6,1852,715,0.0,0.0,0.0,0.0,0.0,0.0,0.0
293,Norwalk,California,105120,105549,9.7,5.1,10946,4226,0.0,0.0,0.0,0.0,0.0,0.0,0.0
294,San Mateo,California,105025,97207,12.1,31.3,8592,3317,0.0,0.0,0.0,0.0,0.0,0.0,0.0
295,Green Bay,Wisconsin,104879,104057,45.4,117.6,2316,894,0.0,0.0,0.0,0.0,0.0,0.0,0.0
296,Wichita Falls,Texas,104576,104553,72.2,187.0,1450,560,0.0,0.0,0.0,0.0,0.0,0.0,0.0
297,Sparks,Nevada,104246,90264,35.9,93.0,2810,1080,0.0,0.0,0.0,0.0,0.0,0.0,0.0
298,Lakewood,New Jersey,104157,92843,24.7,64.0,4079,1575,0.0,0.0,0.0,0.0,0.0,0.0,0.0
299,Burbank,California,103695,103340,17.4,45.1,6003,2318,0.0,0.0,0.0,0.0,0.0,0.0,0.0
300,Rialto,California,103440,99171,22.3,57.8,4633,1789,0.0,0.0,0.0,0.0,0.0,0.0,0.0
301,Allen,Texas,103383,84246,27.1,70.,3715,1434,0.0,0.0,0.0,0.0,0.0,0.0,0.0
302,El Cajon,California,103241,99478,14.5,37.6,7156,2763,0.0,0.0,0.0,0.0,0.0,0.0,0.0
303,Las Cruces,New Mexico,102926,97618,76.9,199.,1323,511,0.0,0.0,0.0,0.0,0.0,0.0,0.0
304,Renton,Washington,102153,90927,23.4,60.6,4314,1666,0.0,0.0,0.0,0.0,0.0,0.0,0.0
305,Davenport,Iowa,102085,99685,62.9,162.9,1631,630,0.0,0.0,0.0,0.0,0.0,0.0,0.0
306,South Ben,Indiana,101860,101168,41.4,107.,2457,949,0.0,0.0,0.0,0.0,0.0,0.0,0.0
307,Vista,California,101224,93834,18.7,48.4,5436,2099,0.0,0.0,0.0,0.0,0.0,0.0,0.0
308,Tuscaloosa,Alabama,101113,90468,71.7,185.7,1399,540,0.0,0.0,0.0,0.0,0.0,0.0,0.0
309,Clinton,Michigan,100800,96796,28.1,72.8,3573,1380,0.0,0.0,0.0,0.0,0.0,0.0,0.0
310,Edison,New Jersey,100693,99967,30.1,78.0,3389,1309,0.0,0.0,0.0,0.0,0.0,0.0,0.0
311,Woodbridge,New Jersey,100450,99585,23.3,60.3,4351,1680,0.0,0.0,0.0,0.0,0.0,0.0,0.0
312,San Angelo,Texas,100215,93200,59.9,155.1,1681,649,0.0,0.0,0.0,0.0,0.0,0.0,0.0
313,Kenosha,Wisconsin,100164,99218,28.0,72.5,3577,1381,0.0,0.0,0.0,0.0,0.0,0.0,0.0
314,Vacaville,California,100154,92428,29.0,75.1,3449,1332,0.0,0.0,0.0,0.0,0.0,0.0,0.0
